id,Country,2003,2004,2005,2006,2007,2008,2009,2010,2011,2012
0,World,0.072862702,0.064264276,0.1071509,0.086894813,0.115321185,0.072029816,-0.252553321,0.216658561,0.11862549,0.045660619
4,Afghanistan,0.547061438,2.957359634,16.57409018,0.620595144,0.498969814,-0.806885448,-0.422616236,1.366160202,-0.623632283,-0.122907091
8,Albania,0.271278706,3.872867148,3.047042931,-0.850031116,-0.245365621,0.356483649,3.066839273,-0.851505611,0.130003295,0.479417406
12,Algeria,2.72145582,0.066487054,0.611473475,1.700359293,-0.786921601,0.302650208,4.313216918,-0.11299508,-0.485941762,-0.477819051
20,Andorra,-0.366354322,0,0,4.494784089,8.210642841,1.933467974,-0.989526782,8.339471641,-0.659809307,-0.983019412
24,Angola,-0.235394057,0.667688217,2.121830403,0.588129899,2.436002231,1.922842956,-0.908677771,0.136783175,0.343579789,1.188845513
28,Antigua and Barbuda,0.347756935,0.71117335,1.954573823,-0.520425008,-0.351061745,0.57276789,0.706000462,-0.463072664,-0.296734762,0.44159444
31,Azerbaijan,1.520111266,-0.289935445,1.814107077,2.148988068,-0.844224856,4.367033504,-0.343800674,3.618942147,3.511745851,-0.858266936
32,Argentina,0.570867417,0.099678727,0.126163155,0.185100331,0.189394025,0.261713393,-0.325784867,0.427017879,0.192133524,0.021929349
36,Australia,0.143312967,0.367999962,0.29034076,-0.036565309,0.036418792,0.136803243,-0.185700878,0.341835817,0.08997392,0.052296962
40,Austria,0.235001987,0.265416559,-0.193959767,0.150236941,0.043231333,-0.17879678,-0.252695506,0.241825806,-0.051015759,-0.021638599
44,Bahamas,0.00310456,0.059960985,-0.057857268,0.449767738,-0.224926921,-0.135284574,-0.066894207,0.07772493,0.207267531,0.025683732
48,Bahrain,0.01000069,0.476295196,0.488994664,0.711852073,0.294552367,-0.213881891,-0.739078478,0.439290154,0.195029784,2.808597075
50,Bangladesh,0.01690761,-0.275271528,0.100701198,0.564313492,-0.335640873,1.190101594,0.040962561,-0.030202911,0.533177973,-0.203787945
51,Armenia,3.221452111,5.430896576,-0.908981604,3.047060567,-0.191488249,0.596756036,-0.627373876,1.553512497,0.359773456,-0.517554546
52,Barbados,0.178497178,-0.334526617,0.418558171,-0.035913649,0.432564926,0.004346705,-0.055738286,-0.1259114,-0.00884529,0.029468824
56,Belgium,0.17193558,0.082184528,0.061324854,0.26723101,0.107108183,0.005006345,-0.354467234,0.111057589,0.010314818,-0.058615897
60,Bermuda,0.023399627,0.508566327,-0.296035358,0.352624455,-0.26455204,0.559427552,0.166023227,-0.174821038,-0.126052299,-0.151730627
64,Bhutan,0,-0.42255579,0,0,-0.920794808,-0.857877971,7.479655172,-0.06118092,0,0
68,Bolivia,2.391562819,0.688847579,-0.472807272,0.112071144,0.302319289,1.385742761,-0.749067854,1.00770078,1.623882369,-0.426854018
70,Bosnia and Herzegovina,-0.039228717,0.701442519,0.003469745,0.527909106,-0.46354514,0.908353557,-0.807646983,-0.377338674,-0.03967044,4.186887793
72,Botswana,6.256771093,-0.874276074,0.778811382,-0.440745607,0.205575524,-0.885514834,11.37432249,1.502631471,-0.697587609,26.25938536
76,Brazil,0.123761873,0.396089441,0.029886637,0.020562907,1.58669358,0.470657398,-0.440511377,0.303889501,0.12606946,-0.001559262
84,Belize,0.18616424,-0.273472712,-0.085676113,0.263454625,0.039430523,-0.536374352,0.513406313,0.943298013,-0.086346432,-0.211737409
86,British Indian Ocean Territory,13.24884211,0.087113265,0,0,0,1.534746152,0,0,0,0
90,Solomon Islands,0,0,0,0,0,0,0.459544737,4.404570723,6.664485714,-0.76871433
92,British Virgin Islands,-0.190209464,0.886644889,-0.361705011,0.361450853,1.50170705,-0.53983284,0.528873042,-0.283746025,-0.389377814,0.196948539
96,Brunei,-0.158529769,1.327100601,2.554939849,-0.539267553,1.278047848,0.051227858,-0.662179832,0.447884712,-0.199787777,2.049703604
100,Bulgaria,0.302201183,-0.26969716,1.081391705,0.598737986,0.074342219,1.300702123,-0.633006954,-0.283527719,0.420621982,0.156831496
104,Burma (Myanmar),0,-0.186111111,0.535836177,5.052444444,7.827140549,-0.6554805,0.341032018,0,0,-0.606721126
108,Burundi,-0.867264783,6.901689783,-0.739874533,-0.31758025,1.210890986,-0.17784532,-0.918879056,17.41109799,-0.276205256,0.721396297
112,Belarus,4.144148218,0.21489142,0.360907534,1.215398424,-0.065286269,4.896260906,0.151334403,0.86820981,-0.396703768,-0.376826302
116,Cambodia,3.150138797,1.385771345,-0.255220071,-0.140464343,6.909681671,-0.44286903,0.521809295,-0.747741203,1.176356302,0.300924206
120,Cameroon,-0.256567442,0.199594168,5.835823951,-0.754047098,2.741722151,-0.041732033,0.098905321,0.530379839,0.254376037,-0.129011242
124,Canada,0.095380021,-0.052928328,0.078460861,0.074593714,0.064158535,0.013415483,-0.292261137,0.212872522,0.091385982,0.042669894
132,Cape Verde,-0.600262279,3.459588428,0.036648164,9.265058168,-0.957939148,20.61345752,-0.076814416,-0.889581425,2.847115472,0.87592622
136,Cayman Islands,0.138035682,0.306288056,1.35026593,0.411843029,-0.451478736,-0.072953943,-0.347917841,0.187075167,-0.259729298,-0.152052406
140,Central African Republic,0.623521923,1.565104259,-0.9264586,20.06537759,0.634871657,-0.523516298,-0.579932985,-0.817393529,3.300175131,0
144,Sri Lanka,-0.072595572,1.069513137,-0.119552875,-0.425737925,1.289256059,-0.22103053,-0.135713391,-0.112145036,0.479316373,0.18652151
148,Chad,0.302918789,-0.230069421,-0.886067884,3.282833418,2.219997626,-0.02170093,1.987627649,0.029934329,-0.057479569,0.331469555
152,Chile,-0.203692367,0.201288495,0.026605592,0.259367865,0.12921765,0.393712315,-0.311761714,0.439414894,0.456574241,0.163307431
156,China,0.260384485,0.500238279,-0.026175048,0.387941901,0.14912073,0.214020101,0.03702286,0.213265481,0.197095522,0.039336783
158,Taiwan,0.134643044,0.239745737,0.303888374,-0.07226084,-0.001956107,0.367161909,-0.320849017,0.35467836,0.022503194,0.015786996
162,Christmas Island,0,0,0,0,0,-0.308034372,-0.595276843,-0.902581677,0,0
166,Cocos (Keeling) Islands,0,0,0,0,0,-0.94446908,0,0,0,0
170,Colombia,0.093541609,0.245307917,0.107184276,0.594123202,0.134293914,0.061517835,-0.249730159,0.145293096,0.219168453,0.084002074
174,Comoros,0,0,0,0,0,-0.952501875,4.762237762,0,0,0
175,Mayotte,0,0,0,0,0,0,0,0,19.01312623,0.130170529
178,Congo,-0.585602989,25.52271912,-0.425748914,-0.706573927,2.875116058,-0.537001322,-0.600103498,3.905150653,-0.180982175,1.708367549
180,Democratic Republic of Congo,3.978301558,-0.576508147,2.847063603,0.491125348,0.488722298,0.803417794,-0.521100175,3.383600992,-0.311733968,-0.55366549
184,Cook Islands,-0.101229896,0,0,0.587364025,0.213571144,0.36823132,-0.949811147,1.583333333,7.049310786,-0.835902053
188,Costa Rica,0.195317986,0.011027824,-0.013734246,0.349533983,-0.116716162,0.162381788,-0.048843919,0.028773377,0.18971303,0.114475269
191,Croatia,0.640235801,0.829245341,-0.22833067,2.777929994,-0.394287095,-0.213870702,-0.284827217,-0.435036478,0.184449406,-0.436702977
192,Cuba,0,0,0,0,-0.319492532,0,0,0,0,0
196,Cyprus,0.042130166,0.074334484,0.290789983,-0.187125314,-0.032820882,0.331727057,-0.446585423,0.025019924,0.102699098,0.061905367
203,Czech Republic,0.261971524,0.374614075,-0.324007862,0.38551754,0.630648935,-0.062423548,0.046631954,0.160048445,0.061950942,0.09250958
204,Benin,-0.835317541,20.03530907,-0.817377169,5.638968689,2.321740219,1.49810652,-0.635695696,0.254288128,0.286647779,-0.573017256
208,Denmark,0.274362129,0.246437196,0.182417144,-0.120586679,0.163081667,0.133492901,-0.063387345,-0.089949546,-0.116279463,0.408844778
212,Dominica,-0.608421068,0.147656907,-0.318971784,2.735731909,-0.493757104,-0.872443494,-0.091272008,10.99539212,-0.319100869,0.026323875
214,Dominican Republic,0.195036677,0.016789011,0.363633545,0.025362495,-0.373168295,0.138075157,0.0729668,0.833384122,-0.309234662,-0.167383204
218,Ecuador,-0.202864798,0.717698877,0.008900642,0.162968952,0.112956634,0.256190751,0.335790608,-0.187132858,0.387494007,-0.17786615
222,El Salvador,-0.001750854,0.061940167,0.416209123,0.668877416,-0.23893573,0.123870095,0.03400446,0.132610467,0.471910353,-0.038470257
226,Equatorial Guinea,-0.867528311,2.412376882,0.398458774,0.43063263,-0.432444571,0.2541247,1.583532516,0.906336272,0.869781455,-0.943624713
231,Ethiopia,-0.183308607,1.008765058,10.84735294,-0.405177277,0.236993357,0.194362746,-0.590624054,11.27324098,-0.578986597,0.6899898
232,Eritrea,27.04285503,-0.968656134,1.563214526,3.392824347,-0.79282696,3.828684685,-0.662034688,1.821092611,-0.23288143,-0.650218358
233,Estonia,0.710808371,-0.166500172,0.367293188,3.492429711,0.289470048,-0.318120617,-0.619988553,0.392394045,1.109691565,-0.050142035
234,Faroe Islands,0,0,-0.935662777,0.137647841,1.812079002,0,0,1.058103976,1.158098068,-0.538212614
238,Falkland Islands (Malvinas),0,0,0,0,0,0,0,0,0,0
242,Fiji,1.016106443,7.471663397,-0.68324086,-0.630151267,2.625990806,-0.430612474,0.242618189,0.397861593,0.170922768,0.831553838
246,Finland,0.425284307,0.139217068,0.571014019,-0.135164283,0.149862868,-0.083620766,-0.419125502,-0.029786927,0.560100122,0.083593021
250,France,-0.281003713,0.164664531,0.069481694,0.056007328,-0.028944672,0.142791315,-0.263782613,1.422283304,0.219002672,0.095892005
254,French Guiana,-0.647252332,0.321625517,-0.099556917,-0.77127168,0.827703393,0.9022911,1.091556268,-0.894556752,12.26204063,-0.774805941
258,French Polynesia,5.26350721,0.267393322,0.804485265,-0.627639851,-0.243935318,0.334495922,-0.496758177,1.814875837,-0.502530953,0.975256037
260,French Southern Territories,0,0,0,0,0,0,0,0,0,0
262,Djibouti,1.0535,1.831458486,-0.600612273,67.11954181,0.345357273,-0.970316462,13.91076743,-0.22079043,-0.357507313,-0.534663921
266,Gabon,-0.15846668,-0.276854975,0.11165191,0.710208451,0.756403814,2.408997122,-0.731695962,0.456199271,0.727443449,-0.402359293
268,Georgia,-0.436886374,0.469826738,0.939793595,-0.373500056,-0.274023423,-0.150904456,10.57729168,-0.776090824,3.812663351,-0.7440222
270,Gambia,-0.52547499,0.412889443,6.03891031,2.28669476,-0.427407109,-0.778980531,0.033293739,-0.438419439,0.908159103,2.070969648
276,Germany,0.153180593,0.408594478,0.083441727,0.154296235,0.045730284,0.10321568,-0.345350864,0.237135073,0.117311894,0.059665727
288,Ghana,-0.297500877,-0.258453731,0.692656604,0.070530389,0.154469766,0.657929646,-0.06766094,0.299041996,0.617893517,0.211756111
292,Gibraltar,0,0,-0.796555885,-0.742915721,34.53004842,-0.82044314,0.219652663,1.913357004,-0.865950496,1.903646077
296,Kiribati,0,0,-0.131944444,0,0,0,0,0,0,0
300,Greece,1.384776636,0.751881619,-0.018945481,-0.417922455,0.079102672,-0.277070147,39.57676515,-0.98296112,-0.410823019,4.823678852
304,Greenland,2.192425463,-0.471401888,-0.568618088,0,0,-0.511645379,-0.751282051,25.08011782,0.744369904,-0.311369375
308,Grenada,13.82615664,-0.847561564,0.187111657,-0.856417337,0.593652833,0.127172047,1.453389597,1.601545032,-0.498253679,0.161409878
312,Guadeloupe,0.548503664,-0.254650781,1.970774675,-0.640179459,1.198302445,-0.449538831,0.384759616,-0.123801376,3.630444708,0.45900662
320,Guatemala,0.107761886,0.221545595,-0.069069249,0.391696546,0.454532866,-0.081551306,0.16367027,-0.022750975,0.197911772,-0.082913595
324,Guinea,0.970689146,-0.366020854,-0.487537066,2.680028513,0.51792628,0.025689682,-0.357801925,0.852782843,0.28118638,0.171684216
328,Guyana,0.010778904,-0.224516477,2.881635655,-0.46250087,-0.065319886,-0.538105686,3.316192643,0.677866138,-0.451475375,0.78600319
332,Haiti,0.166030772,1.003200305,0.016068161,0.608193905,-0.166883431,-0.114230614,-0.207755985,-0.112608433,0.247417468,0.1326693
334,Heard Island and Mcdonald Islands,0,0,0,0,0,0,0,0,0,0
336,Vatican City,9.238201363,-0.774127047,0,0,0,-0.926,1.800961979,71.39668002,-0.934056898,1.75687712
340,Honduras,0.437259572,0.094218711,-0.06976015,0.196016455,0.212639333,-0.077123962,-0.456693497,0.344150875,-0.058529759,-0.029799588
344,Hong Kong,-0.026272768,0.28146776,-0.039873014,0.054781658,0.297292279,0.245662098,-0.112250717,0.021332247,0.029765209,0.027309913
348,Hungary,-0.101744734,0.604258414,-0.000388092,0.327823519,0.167908323,0.302202981,-0.205303143,0.107181922,0.634013906,-0.070092072
352,Iceland,-0.164451691,4.440192688,-0.59108459,0.26501364,0.047007217,-0.034800522,-0.434940498,0.047587062,1.147463927,-0.199659436
356,India,0.353520029,0.161870657,0.32585669,0.174576622,0.247465504,0.26863811,-0.109488383,0.489712999,0.032022038,-0.052100735
360,Indonesia,0.981169442,0.046077498,-0.311387329,0.149448462,0.402032999,-0.123425039,-0.062129363,0.656519681,0.267014246,0.113098515
364,Iran,0.903852732,-0.521930101,-0.344505918,0.263300263,2.805744113,0.1256878,0.122740751,0.975542477,-0.254409175,-0.352059603
368,Iraq,0,43.60785788,-0.583534464,2.792581696,-0.827432395,1.066147909,2.129294468,-0.022811016,-0.615768851,-0.043750524
372,Ireland,0.007786381,-0.185335407,0.361825285,0.137734088,0.213897864,-0.158301105,-0.22534466,-0.043606858,0.24211953,-0.00189732
376,Israel,0.211703697,0.699036502,0.31738651,0.340816048,0.111545168,0.989245564,-0.479476632,-0.35861469,0.058188152,-0.146432907
380,Italy,0.294964084,-0.193489125,0.053560064,0.54068903,0.319417094,-0.096832089,-0.162898324,0.169816443,-0.239554718,-0.016164588
384,Cote d'Ivoire,7.154121967,0.972248642,-0.141110278,-0.387202011,0.423602091,-0.353484281,-0.058440193,0.121488139,-0.205836594,0.112826708
388,Jamaica,-0.132273628,0.045149713,0.020477015,0.330140882,-0.076944152,0.366314354,0.117957965,-0.166157849,0.137273009,0.025788323
392,Japan,-0.075505036,0.234115142,0.047737118,0.015451071,0.067704656,-0.01994702,-0.294598519,0.259369068,0.098702213,0.051105729
398,Kazakhstan,-0.50599728,3.785338106,1.664939977,0.85837767,-0.526038456,-0.474742611,-0.649851155,3.488237427,-0.187457896,0.108680619
400,Jordan,1.110530436,0.234290923,0.656537558,0.147888726,1.466841705,-0.565668851,-0.352970541,0.422533233,-0.103301181,-0.275118945
404,Kenya,-0.184172107,-0.079506015,0.161471578,-0.252512369,5.222310837,-0.450058753,-0.115009754,0.153250219,0.277005639,0.899055183
408,North Korea,0,0,0,0,0,0,0,0,0,0
410,South Korea,0.113047592,0.234884879,0.166272079,-0.03226823,0.098474105,0.017374145,-0.214166895,0.352264439,0.183580155,0.1376858
414,Kuwait,0.519022765,-0.439429011,2.771846506,-0.201662932,-0.365455513,0.343314319,-0.822205105,-0.128517064,1.491815301,-0.23851167
417,Kyrgyzstan,-0.955766796,6.226739109,-0.444486212,25.83802987,-0.791576617,-0.007962671,1.90273592,-0.117493845,0.558627865,0.005271746
418,Lao People's Democratic Republic,0,0,2.609666667,1.822559793,1.22906545,0.509279712,5.638392119,-0.694596287,-0.895631924,4.699634626
422,Lebanon,-0.163512859,2.156761997,-0.320101701,-0.170687238,0.799634904,0.183196386,-0.466385063,0.17509714,0.039040741,-0.125598798
426,Lesotho,-0.958700131,0,0,0,0,2.38696327,-0.389033145,-0.4255,8.673774296,0.038670885
428,Latvia,1.156088645,-0.184209594,1.233237396,0.539170577,-0.004132675,-0.390026304,-0.555559189,-0.205682017,6.225867328,-0.515814391
430,Liberia,-0.760541889,9.828135759,0.717870691,-0.779157488,1.376281496,0.043648218,-0.068129983,0.090156476,0.994770737,-0.020866976
434,Libyan Arab Jamahiriya,0,0,-0.053778305,0.91596213,2.093260419,-0.63527408,1.132706788,-0.406725353,-0.840845605,5.560614908
438,Liechtenstein,38.93573345,1.890089837,-0.800800842,0.470428437,0.492233612,-0.577054513,1.489162539,-0.836504742,7.477814424,0.64989507
440,Lithuania,-0.402132112,0.315476035,0.24378218,1.041063577,-0.27579734,0.940633597,-0.622750403,0.1357508,0.348937677,0.047960113
442,Luxembourg,0.305376082,0.437970941,-0.037763884,0.162299954,0.230545499,-0.137508315,-0.618558496,0.338092861,3.284439809,0.113667369
446,Macau; SAR of China,-0.694342669,1.693782561,1.988152233,0.825537424,-0.442847619,0.171193868,-0.022066719,-0.357485616,-0.154293141,0.253899522
450,Madagascar,3.287873008,-0.953704076,-0.011653856,4.380456598,2.197619658,8.736798743,0.174404538,1.852748244,-0.842877212,-0.409993158
454,Malawi,-0.199042094,0.35892325,1.476676639,3.174751816,-0.670856989,-0.052953878,-0.39782451,0.575767553,0.63463511,8.265803479
458,Malaysia,-0.187393467,0.271457743,0.241238022,-0.298878454,0.348685355,0.270290276,0.084084508,0.0193735,0.146654054,0.059126924
462,Maldives,-0.759743847,23.22358106,-0.564844421,2.741090375,0.381780881,1.675383169,-0.930695689,0.263265707,2.286333186,1.087170835
466,Mali,0.677285283,-0.613633479,-0.781112883,0.715433014,0.228566512,2.068639513,-0.79695398,-0.138670098,1.467045908,-0.271758306
470,Malta,-0.166423535,0.004142664,0.2421925,-0.212114901,4.573385859,-0.514423799,0.325648143,-0.222645692,-0.181155775,1.006209849
474,Martinique,-0.213507041,10.81775319,0.067542481,-0.81409921,30.79821731,-0.93590978,-0.710600316,2.710009938,-0.019314131,3.435223019
478,Mauritania,4.600222419,-0.50181023,0.192875612,0.369649363,0.542893795,-0.74582973,-0.41490763,0.88733466,1.571434,-0.515818062
480,Mauritius,-0.158356312,0.10181143,-0.409992512,-0.188794642,0.791131271,1.736914694,-0.286283926,-0.368996924,-0.224304736,0.348023455
484,Mexico,-0.001315823,0.139707035,-0.002320694,0.128252427,0.108356222,0.18297121,-0.241853245,0.300809283,0.157443187,0.163812856
492,Monaco,-0.609268514,10.523,-0.785258603,-0.871571963,2.07237468,2.405344893,1.657382668,-0.909032285,2.632620584,-0.403227477
496,Mongolia,1.534097795,0.635843573,1.466800103,0.431927066,-0.080654763,0.836917792,1.642358277,0.088153883,1.461274455,0.114918482
498,Moldova; Republic of,7.154055156,-0.098422245,8.915909784,1.126619822,-0.392427698,-0.198638292,-0.473348206,-0.294874029,2.015904481,-0.591620357
499,Montenegro,0,0,0,0,0,1.179505775,0.029366706,-0.975016054,64.99713442,-0.698820957
500,Montserrat,0,-0.854472579,8.05217161,0,0,0,-0.946307309,0.249136596,0.388883592,4.765650741
504,Morocco,0.852615379,0.650168065,0.589186504,2.04070289,0.058013164,-0.657847222,0.464391019,1.098344489,0.514028823,-0.592126653
508,Mozambique,-0.233414472,0.054897313,0.544997324,-0.846194856,19.10481926,-0.520079897,-0.25480185,3.930157644,2.81354559,-0.728291694
512,Oman,-0.069202403,1.1446695,1.287744568,-0.058267619,0.804185301,0.740876402,-0.809493619,0.058437813,0.614315883,0.259372763
516,Namibia,-0.343794976,-0.767742553,-0.278887918,-0.389912936,0.732673267,0.109666171,2.004043642,-0.64044378,0.573399968,0.022452004
520,Nauru,0,0,0,2.044642857,0,0,0.464968153,0,0,0
524,Nepal,0.654729579,1.597312616,0.036238165,-0.797108194,1.446983334,-0.10496387,0.385687914,0.435500652,-0.295076559,0.487130337
528,Netherlands,0.066451183,0.068834521,0.114952045,0.121119422,0.048930435,-0.029059476,-0.187587365,-0.042697022,0.332917769,0.12232151
528,Netherlands Antilles,0.446135445,-0.371565101,0.63751689,0.688746173,-0.522508425,-0.334652053,0.296341293,0.179840835,-0.541279819,0
531,Curacao,0,0,0,0,0,0,0,0,0,2.459956003
533,Aruba,0.338904982,0.215909275,0.160267912,-0.010450234,0.132763672,-0.022087058,-0.093150161,-0.395576845,-0.021861345,0.251194306
534,Sint Maarten,0,0,0,0,0,0,0,0,0,0.413427751
540,New Caledonia,2.343903659,-0.184764278,1.084550354,0.136447652,-0.157722387,-0.234499126,-0.355835024,7.96169968,-0.129694804,-0.602268174
548,Vanuatu,0,5.651682003,-0.186601352,-0.706128367,2.473908918,1.652027857,-0.671815785,1.545562947,-0.087879983,-0.963834417
554,New Zealand,0.110563253,0.156952438,-0.000158735,-0.080758529,0.050908427,-0.129506812,-0.225698805,0.694492408,-0.018258087,-0.170298041
558,Nicaragua,0.240849449,1.170582287,-0.43322039,-0.156805026,0.350139102,-0.035061356,-0.056769373,0.698526235,-0.357991826,-0.207530572
562,Niger,-0.642230261,0.185659992,-0.029523631,0.464992728,1.255621227,0.381635835,-0.767638098,0.934522443,-0.441634635,-0.528262779
566,Nigeria,0.454169625,0.185600818,-0.072721482,0.844938392,0.177255086,0.217810978,0.41125766,-0.240485941,0.168752107,0.425196959
570,Niue,0,0,0,0,0,18.13192308,0,0,0,0
574,Norfolk Island,0,0,0,0,0,10.97510317,0,0,0,0
578,Norway,-0.299106669,0.316882132,0.948885351,-0.189296918,-0.074972467,0.067242139,-0.248147264,0.110562509,0.226978371,-0.158355536
583,Micronesia (Federated States of),-0.466387644,0.214042884,3.741416728,2.742444089,-0.984363314,2.172001153,-0.742136721,4.397655665,0.668468189,2.328963786
584,Marshall Islands,1.290494021,0.070066269,-0.310291581,-0.758300386,0,0,0,-0.981846209,7.569920844,-0.220499328
585,Palau,2.590394686,0.143880276,-0.628942528,-0.197131483,-0.813422216,-0.409328249,38.44050457,-0.269056907,-0.796498167,-0.465750178
586,Pakistan,-0.680623707,1.108490433,0.317786375,0.494056213,0.392784279,0.153516522,-0.529410896,-0.145774659,0.853049875,-0.035991983
591,Panama,0.006645961,0.182333113,0.064931395,0.514628227,0.476681242,0.004273402,-0.103847861,0.073938073,-0.005390297,0.301129626
598,Papua New Guinea,-0.148386385,-0.262481617,0.470203625,-0.26105185,1.114833995,-0.46347328,1.4141164,-0.688866853,2.112904863,0.341024769
600,Paraguay,-0.044179196,0.925387511,0.372379929,0.835128103,0.308260219,-0.04877902,-0.544680022,2.450284344,0.683442642,-0.458565069
604,Peru,0.002720424,0.324324968,0.246193536,0.71177909,0.005597353,0.111962151,-0.167565594,0.310202746,0.135871255,0.133046632
608,Philippines,-0.096139239,0.183315025,-0.015886725,0.059789801,0.066569541,0.080994599,0.051091742,0.294122429,0.346835983,-0.171367782
612,Pitcairn Islands,0,-0.532905224,1.996099844,-0.694090081,0,0,0,0,0,0
616,Poland,0.127853319,0.897845334,0.161198637,0.627757425,3.553422916,0.09018164,-0.682087887,-0.294687146,0.360145537,-0.035956457
620,Portugal,0.091787419,-0.086089076,0.105047702,-0.053045723,0.449168584,-0.034743491,-0.200710397,1.44429313,-0.168685671,-0.464356687
624,Guinea Bissau,0,0,0,0,-0.917372687,0,0,0,0,0
626,East Timor,3.95470059,117.098065,-0.875275464,0.291519818,-0.810915435,3.889662616,-0.905675895,0.102895104,8.113487799,-0.95596105
634,Qatar,-0.270337059,0.095583963,7.614868823,-0.559935554,0.743148309,0.547091786,-0.492199663,0.147879669,-0.441194438,0.698064416
638,Reunion,0,0,-0.518320425,3.503941644,-0.991587311,26.97906755,-0.60955814,6.160202067,6.57773714,-0.518911191
642,Romania,-0.112116015,0.716250391,0.103722488,0.025172184,-0.011938181,0.033906623,-0.428336625,0.077119726,0.382384016,0.170325419
643,Russian Federation,0.587413946,0.806176509,0.68655329,0.151032026,0.290320972,0.313396536,-0.675891956,0.042741922,1.466050474,0.273272733
646,Rwanda,6.262645012,3.137124967,-0.960185416,0.981657985,1.989094265,8.650893885,-0.79756556,-0.2323568,1.682452748,0.864854055
654,Saint Helena,0,0,0,4.679979848,-0.689188923,0.040807914,0.953998477,-0.975272841,4.421185372,-0.563677599
659,Saint Kitts and Nevis,0.763971021,-0.490568128,-0.225086271,0.066771934,0.321816091,-0.376849183,0.156632769,-0.298898319,-0.01831418,0.495210111
660,Anguilla,-0.801993277,0.391293192,2.414735354,0.219262793,1.977579104,-0.259046675,-0.546407,-0.19890966,1.456161192,-0.487666703
662,Saint Lucia,-0.159973532,-0.284192399,0.831226833,-0.643781287,15.57199184,-0.856837394,-0.340584305,0.64817297,0.168077007,-0.475718084
666,Saint Pierre and Miquelon,0,0,0,0,0,0,0,0,0,0
670,Saint Vincent and the Grenadines,0.47997723,1.753122102,-0.893533639,-0.281272027,4.584219257,0.590376887,-0.409979865,0.361583811,-0.116612197,-0.374168623
674,San Marino,-0.673038199,-0.963239394,0,0,0,0,-0.941787022,2.4164,1.617023768,-0.934905154
678,Sao Tome and Principe,9.860893991,0,0,0,0,0,0,0,0,0
682,Saudi Arabia,-0.269866129,0.53881397,0.78510325,0.410928657,-0.100703906,0.30659629,-0.701889194,0.143945748,0.372455119,0.259718719
686,Senegal,5.090933563,-0.441200035,-0.313242689,1.316502234,1.062579513,-0.574095786,-0.051141608,0.373735898,1.310212252,-0.460219686
688,Serbia,0,0,0,0,0,0.640125791,-0.597523884,1.468449414,-0.081674792,0.53126012
688,Serbia and Montenegro,3.985114235,2.625085826,-0.238944019,0.731857903,0,0,0,0,0,0
690,Seychelles,-0.165882997,0.42399511,6.250643879,-0.792373025,-0.503651331,-0.056297872,0.07487487,1.696801259,-0.376829743,-0.910160882
694,Sierra Leone,-0.259117954,1.428884538,-0.116247164,0.408264948,0.302509686,0.292603309,-0.711504096,2.501314489,-0.041782944,0.152776062
702,Singapore,-0.03740371,0.351857556,0.243975078,0.182494553,-0.053066756,0.286625438,-0.262075796,0.031156854,0.140841916,0.01954075
703,Slovakia,0.478077712,0.410478352,-0.037240287,0.994377358,-0.191231957,-0.170751448,0.916998246,-0.291966135,0.231776952,0.460992679
704,Viet Nam,-0.567251002,0.324744474,1.057590239,-0.186065987,0.285210362,1.509138964,-0.157829727,0.073974239,0.249269047,-0.169317463
705,Slovenia,0.177758823,1.365098725,-0.303025232,-0.370925077,-0.028603244,0.092811305,-0.085039344,-0.187102364,0.114025845,-0.281313249
706,Somalia,0,0,1.337227534,-0.543348723,4.291018551,-0.93130012,-0.208019653,0,0,0
710,South Africa,0.356289873,1.055461053,1.034100592,-0.498109494,0.146088611,-0.320455217,-0.296779094,0.805803665,0.044390825,-0.048157608
716,Zimbabwe,-0.46667494,1.790372922,-0.466935216,-0.504749322,0.905421134,0.189283037,-0.246876113,0.18519368,0.736673966,0.188163919
724,Spain,0.059547447,0.319342444,0.146120343,0.006614445,0.451174832,-0.149585013,-0.326840298,0.274154112,0.133036291,-0.228075475
728,South Sudan,0,0,0,0,0,0,0,0,0,18.4986703
729,Sudan,0,0,0,0,0,3.098026316,-0.768823246,62.87136111,-0.766963458,0.403650737
740,Suriname,-0.342743413,-0.331808563,0.467220893,-0.196911104,1.592270378,-0.318422184,-0.025775218,0.198135431,0.562743955,-0.367264691
744,Svalbard and Jan Mayen Island,12.2512,0,0,0,16.415,0,0,0,0,0
748,Swaziland,0.872626105,-0.224510518,-0.117858259,-0.370510988,1.860112436,0.299182088,-0.368423865,0.597029501,0.237300969,0.414312246
752,Sweden,0.012042567,0.376403313,0.450995612,-0.4258622,0.304600517,0.099190447,-0.046972305,0.368553532,0.692117498,0.045395202
756,Switzerland,0.26478856,0.353333095,-0.003319806,0.214369241,0.116951752,-0.049686116,0.077187306,0.718930733,0.563967525,-0.262070217
760,Syrian Arab Republic,1.161066899,-0.825792857,1.60964826,-0.939204122,1.27266011,4.265751327,7.751973995,-0.942499104,0.240110431,-0.702644777
762,Tajikistan,-0.870759044,0,0,9.332329173,-0.532418549,4.958925125,1.930232867,-0.596055042,-0.885911342,17.76363726
764,Thailand,0.465830544,0.182146693,-0.112956191,0.136355629,-0.05215628,0.147991238,-0.081741087,0.102869507,0.148410905,0.273994777
768,Togo,3.683421065,0.180715941,0.661817232,0.908901967,1.916140648,-0.321998955,-0.255451718,0.305022342,-0.183156629,0.198111787
772,Tokelau Islands,0.158670432,0.253114991,-0.763779872,1.195905289,15.08902644,-0.611713144,-0.964275443,1.871660973,-0.655016405,-0.528574659
776,Tonga,0,0,4.705157462,3.66412,0.935541967,-0.648743852,-0.777508672,-0.845277242,0,0
780,Trinidad and Tobago,0.130625652,0.143810749,0.592715036,-0.091411932,0.041749752,0.268118731,-0.214633603,0.259877531,0.206998962,-0.152896351
784,United Arab Emirates,0.182762015,1.091779639,0.631189163,-0.054426514,0.137358852,0.236130549,-0.495866796,0.414892854,0.075138299,0.416654357
788,Tunisia,2.063694236,0.91475432,-0.313605929,1.724406313,0.143990834,-0.727416188,-0.098496911,-0.368336779,1.501342284,13.28209103
792,Turkey,0.19903368,0.566261535,0.446984658,-0.083128756,0.423120882,-0.011084927,-0.018612775,0.816409229,-0.347018403,-0.251146059
795,Turkmenistan,-0.011060015,-0.392718871,-0.707700684,1.003984909,2.998282131,-0.906006298,436.6386662,-0.931673074,0.237322084,-0.224575608
796,Turks and Caicos Islands,1.593395621,-0.378659248,1.872533367,0.271981673,-0.462393902,0.233026564,-0.182687011,-0.010450438,-0.219885895,-0.021753543
798,Tuvalu,0,0,0,0,0,0,0,0,0,0
800,Uganda,1.310977027,-0.862130855,0.770489948,-0.168610969,7.137472369,-0.042255617,-0.638854018,1.049193327,-0.812930114,0.318018606
804,Ukraine,-0.597077474,0.727784293,0.784667231,0.479642676,0.226624316,0.04922336,0.483037695,-0.585975425,0.15275747,0.032236721
807,Macedonia,10.81302409,-0.750044621,5.553129906,-0.396971913,-0.604023356,0.458996064,4.020719426,-0.857863241,3.469627825,-0.63146513
818,Egypt,-0.243990012,0.774902263,-0.212872213,0.023834283,0.27992861,-0.043363985,-0.296740977,5.312592682,-0.586755688,-0.422845374
826,United Kingdom,0.009686171,-0.043877954,-0.025993077,0.057128892,0.166914753,0.035703723,-0.225874427,0.117527607,0.169760131,-0.020919542
834,Tanzania; United Republic of,0.282979084,-0.380560426,1.355136067,2.954568944,0.494500264,-0.599135774,-0.505399708,4.36001977,-0.758773865,0.51820132
854,Burkina Faso,10.30061236,-0.650601816,3.116599304,-0.340038588,0.43864171,0.067744845,3.858647057,-0.421647819,1.887226181,-0.454397186
858,Uruguay,0.017814816,1.247573804,0.183665856,-0.165357489,0.831672267,0.63329303,-0.303824282,0.961698648,-0.408577366,0.079892602
860,Uzbekistan,0.219080706,4.926930288,0.097992981,-0.115428009,3.561787197,-0.432875019,-0.62943917,5.358265947,-0.20628243,-0.975155248
862,Venezuela,-0.401094547,1.080568839,0.474031957,0.173042091,0.36083402,-0.30828758,0.07740623,0.273686286,0.141910875,0.010967247
876,Wallis and Futuna,0,0,0,0,0,0,0,0,0,0
882,Samoa,18.55647546,-0.730800467,3.56555996,-0.494193567,0.668267226,-0.164880434,-0.292144863,-0.897963641,0.285891858,0.630256162
887,Yemen,0.29335841,0.569316024,-0.201399178,1.101228483,0.157846602,0.319829304,-0.355377976,-0.246538302,-0.150102319,0.18878581
894,Zambia,0.167564992,-0.202733463,0.748205565,0.299132637,3.10175994,-0.407786797,-0.506698053,3.240277882,0.7289409,-0.586080222
